{"cameraMode":{"drawMode":0,"name":"Shaded","section":"Shading Mode"},"sceneLighting":true,"audioPlay":false,"sceneViewState":{"m_AlwaysRefresh":false,"showFog":true,"showSkybox":true,"showFlares":true,"showImageEffects":true,"showParticleSystems":true,"showVisualEffectGraphs":true,"m_FxEnabled":true},"in2DMode":false,"pivot":{"x":-11.643646240234375,"y":-55.21952819824219,"z":271.2129821777344},"rotation":{"x":0.14671874046325684,"y":-0.03351842984557152,"z":0.004975104238837957,"w":0.9885995984077454},"size":152.9212646484375,"orthographic":false}